n_neighbors,leaf_size,metric,roc_auc,pr_auc,labeled_validation_transactions
100,20,euclidean,0.5354240569896147,0.11072615142218047,7829
100,30,euclidean,0.5354240569896147,0.11072615142218047,7829
100,40,euclidean,0.5354240569896147,0.11072615142218047,7829
100,50,euclidean,0.5354240569896147,0.11072615142218047,7829
150,20,euclidean,0.5021615465059692,0.10349658383712954,7829
150,30,euclidean,0.5021615465059692,0.10349658383712954,7829
150,40,euclidean,0.5021615465059692,0.10349658383712954,7829
150,50,euclidean,0.5021615465059692,0.10349658383712954,7829
200,20,euclidean,0.4799283488128889,0.09633306540977321,7829
200,30,euclidean,0.4799283488128889,0.09633306540977321,7829
200,40,euclidean,0.4799283488128889,0.09633306540977321,7829
200,50,euclidean,0.4799283488128889,0.09633306540977321,7829
250,20,euclidean,0.4687350252125203,0.09335367832016142,7829
250,30,euclidean,0.4687350252125203,0.09335367832016142,7829
250,40,euclidean,0.4687350252125203,0.09335367832016142,7829
250,50,euclidean,0.4687350252125203,0.09335367832016142,7829
300,20,euclidean,0.46176497996458854,0.09166859561353805,7829
300,30,euclidean,0.46176497996458854,0.09166859561353805,7829
300,40,euclidean,0.46176497996458854,0.09166859561353805,7829
300,50,euclidean,0.46176497996458854,0.09166859561353805,7829
350,20,euclidean,0.4546609511384463,0.09062866753012233,7829
350,30,euclidean,0.4546609511384463,0.09062866753012233,7829
350,40,euclidean,0.4546609511384463,0.09062866753012233,7829
350,50,euclidean,0.4546609511384463,0.09062866753012233,7829
