n_neighbors,contamination,metric,p,leaf_size,labeled_validation_transactions,predicted_anomalies_whole_period,roc_auc,pr_auc,precision,recall,f1,tn,fp,fn,tp
100,0.15,euclidean,1,30,7829,11098,0.5354240569896147,0.11072615142218047,0.08998435054773082,0.5111111111111111,0.15302727877578176,3665,3489,330,345
100,0.08,euclidean,1,30,7829,5720,0.5354240569896147,0.11072615142218047,0.09793033821302373,0.2874074074074074,0.1460843373493976,5367,1787,481,194
100,0.08,euclidean,1,20,7829,5720,0.5354240569896147,0.11072615142218047,0.09793033821302373,0.2874074074074074,0.1460843373493976,5367,1787,481,194
100,0.03,euclidean,2,30,7829,2142,0.5354240569896147,0.11072615142218047,0.0972972972972973,0.10666666666666667,0.10176678445229682,6486,668,603,72
100,0.03,euclidean,1,50,7829,2142,0.5354240569896147,0.11072615142218047,0.0972972972972973,0.10666666666666667,0.10176678445229682,6486,668,603,72
150,0.15,euclidean,2,50,7829,10486,0.5021615465059692,0.10349658383712954,0.07957490927941939,0.45481481481481484,0.13545113611294948,3603,3551,368,307
150,0.1,euclidean,2,50,7829,6762,0.5021615465059692,0.10349658383712954,0.07846277021617294,0.2903703703703704,0.12354238890639774,4852,2302,479,196
150,0.03,euclidean,2,30,7829,1890,0.5021615465059692,0.10349658383712954,0.08011444921316166,0.08296296296296296,0.08151382823871907,6511,643,619,56
150,0.01,euclidean,1,50,7829,433,0.5021615465059692,0.10349658383712954,0.16793893129770993,0.03259259259259259,0.05459057071960298,7045,109,653,22
75,0.15,euclidean,1,20,7829,11324,0.5349496267304487,0.09432761299264812,0.0898646923666071,0.5214814814814814,0.15331010452961671,3589,3565,323,352
75,0.15,euclidean,2,30,7829,11324,0.5349496267304487,0.09432761299264812,0.0898646923666071,0.5214814814814814,0.15331010452961671,3589,3565,323,352
75,0.1,euclidean,2,30,7829,7816,0.5349496267304487,0.09432761299264812,0.0982110259218693,0.3985185185185185,0.15758640890451084,4684,2470,406,269
75,0.1,euclidean,1,20,7829,7816,0.5349496267304487,0.09432761299264812,0.0982110259218693,0.3985185185185185,0.15758640890451084,4684,2470,406,269
75,0.05,euclidean,1,20,7829,3744,0.5349496267304487,0.09432761299264812,0.10373134328358209,0.20592592592592593,0.13796526054590572,5953,1201,536,139
50,0.01,euclidean,1,50,7829,637,0.512612058522039,0.08658226897521218,0.05641025641025641,0.016296296296296295,0.02528735632183908,6970,184,664,11
50,0.05,euclidean,1,30,7829,3966,0.512612058522039,0.08657652012027812,0.09527170077628794,0.2,0.12906309751434034,5872,1282,540,135
50,0.05,euclidean,2,30,7829,3966,0.512612058522039,0.08657652012027812,0.09527170077628794,0.2,0.12906309751434034,5872,1282,540,135
10,0.15,euclidean,1,20,7829,12584,0.5274169332877748,0.08598317471778696,0.09894678492239468,0.5288888888888889,0.16670558020079385,3903,3251,318,357
10,0.08,euclidean,2,30,7829,7076,0.5274169332877748,0.08598317471778696,0.09413936317489617,0.3022222222222222,0.14356087262491204,5191,1963,471,204
10,0.08,euclidean,2,20,7829,7076,0.5274169332877748,0.08598317471778696,0.09413936317489617,0.3022222222222222,0.14356087262491204,5191,1963,471,204
35,0.1,euclidean,1,30,7829,8756,0.5169517182824424,0.08497028873858997,0.092568866111467,0.42814814814814817,0.1522254411377403,4321,2833,386,289
20,0.15,euclidean,2,30,7829,12310,0.5189666490644964,0.08425923105363953,0.09968766267568975,0.5674074074074074,0.16958158069515164,3695,3459,292,383
20,0.08,euclidean,1,50,7829,7339,0.5189666490644964,0.08425923105363953,0.08610567514677103,0.32592592592592595,0.13622291021671826,4819,2335,455,220
20,0.03,euclidean,2,20,7829,2915,0.5189666490644964,0.08425923105363953,0.026771653543307086,0.05037037037037037,0.03496143958868895,5918,1236,641,34
10,0.08,manhattan,1,50,7829,7279,0.47850816430072785,0.07907842724323033,0.06515580736543909,0.23851851851851852,0.10235219326128417,4844,2310,514,161
10,0.08,manhattan,1,30,7829,7279,0.47850816430072785,0.07907842724323033,0.06515580736543909,0.23851851851851852,0.10235219326128417,4844,2310,514,161
10,0.05,manhattan,2,20,7829,4293,0.47850816430072785,0.07907842724323033,0.03418803418803419,0.08296296296296296,0.04842196281884998,5572,1582,619,56
10,0.05,manhattan,1,30,7829,4293,0.47850816430072785,0.07907842724323033,0.03418803418803419,0.08296296296296296,0.04842196281884998,5572,1582,619,56
100,0.08,manhattan,2,50,7829,5741,0.4725739550005695,0.07791695861871156,0.05311871227364185,0.19555555555555557,0.08354430379746836,4801,2353,543,132
100,0.05,manhattan,1,50,7829,3667,0.4725739550005695,0.07791695861871156,0.04250430786904078,0.10962962962962963,0.061258278145695365,5487,1667,601,74
100,0.05,manhattan,2,30,7829,3667,0.4725739550005695,0.07791695861871156,0.04250430786904078,0.10962962962962963,0.061258278145695365,5487,1667,601,74
100,0.01,manhattan,2,20,7829,666,0.4725739550005695,0.07791695861871156,0.11196911196911197,0.04296296296296296,0.06209850107066381,6924,230,646,29
35,0.1,manhattan,1,20,7829,8676,0.45495625342983465,0.07777677678883688,0.07277710109622412,0.3540740740740741,0.12073755998989644,4109,3045,436,239
35,0.1,manhattan,2,20,7829,8676,0.45495625342983465,0.07777677678883688,0.07277710109622412,0.3540740740740741,0.12073755998989644,4109,3045,436,239
35,0.05,manhattan,1,50,7829,4231,0.45495625342983465,0.07777677678883688,0.04107338444687842,0.1111111111111111,0.059976009596161534,5403,1751,600,75
35,0.15,manhattan,2,20,7829,12545,0.45495625342983465,0.07777191847248126,0.08180339298164072,0.5214814814814814,0.14142225793491361,3203,3951,323,352
35,0.15,manhattan,2,30,7829,12545,0.45495625342983465,0.07777191847248126,0.08180339298164072,0.5214814814814814,0.14142225793491361,3203,3951,323,352
75,0.15,manhattan,1,50,7829,11139,0.471840669296638,0.07625460536908406,0.08433734939759036,0.49777777777777776,0.1442369607211848,3506,3648,339,336
75,0.1,manhattan,1,30,7829,7555,0.471840669296638,0.07625460536908406,0.0735930735930736,0.3274074074074074,0.12017400761283306,4372,2782,454,221
75,0.05,manhattan,2,30,7829,3833,0.471840669296638,0.07625460536908406,0.04293785310734463,0.11259259259259259,0.06216768916155419,5460,1694,599,76
75,0.03,manhattan,2,20,7829,2506,0.471840669296638,0.07625460536908406,0.050243111831442464,0.09185185185185185,0.06495547407019382,5982,1172,613,62
75,0.01,manhattan,2,50,7829,752,0.471840669296638,0.07625460536908406,0.0594059405940594,0.02666666666666667,0.03680981595092025,6869,285,657,18
20,0.03,manhattan,2,20,7829,2719,0.46860000621253073,0.07530776514054914,0.029838709677419355,0.054814814814814816,0.038642297650130546,5951,1203,638,37
20,0.01,manhattan,2,20,7829,830,0.46860000621253073,0.07530776514054914,0.05190311418685121,0.022222222222222223,0.03112033195020747,6880,274,660,15
50,0.1,manhattan,1,20,7829,7985,0.4602723159278932,0.07459009435577962,0.07372523546606041,0.3362962962962963,0.12093766648907832,4302,2852,448,227
50,0.08,manhattan,2,50,7829,6295,0.4602723159278932,0.07459009435577962,0.06341275941583398,0.24444444444444444,0.1007018614586512,4717,2437,510,165
50,0.03,manhattan,2,20,7829,2550,0.4602723159278932,0.07459009435577962,0.04253611556982344,0.07851851851851852,0.055179593961478396,5961,1193,622,53
50,0.01,manhattan,1,30,7829,798,0.4602723159278932,0.07459009435577962,0.06051873198847262,0.03111111111111111,0.0410958904109589,6828,326,654,21
150,0.03,manhattan,2,30,7829,1978,0.41796353244494144,0.07103382507097544,0.027281279397930385,0.04296296296296296,0.0333716915995397,6120,1034,646,29
150,0.01,manhattan,2,30,7829,436,0.41796353244494144,0.07103382507097544,0.11229946524064172,0.03111111111111111,0.048723897911832945,6988,166,654,21
