mean_fit_time,std_fit_time,mean_score_time,std_score_time,param_model__max_depth,param_model__max_features,param_model__min_samples_leaf,param_model__min_samples_split,param_model__n_estimators,params,split0_test_score,split1_test_score,split2_test_score,split3_test_score,split4_test_score,mean_test_score,std_test_score,rank_test_score
345.2548499584198,8.450894599940945,0.7329904556274414,0.0847080303243857,20,0.3,2,12,568,"{'model__max_depth': 20, 'model__max_features': 0.3, 'model__min_samples_leaf': 2, 'model__min_samples_split': 12, 'model__n_estimators': 568}",0.9948042066515962,0.9959262389616543,0.9966104163968524,0.9973966884911902,0.9971032942202352,0.9963681689443057,0.0009271704935428937,1
107.55899081230163,2.5842123001592974,0.7222057819366455,0.2217021656350207,,sqrt,3,28,641,"{'model__max_depth': None, 'model__max_features': 'sqrt', 'model__min_samples_leaf': 3, 'model__min_samples_split': 28, 'model__n_estimators': 641}",0.9945904905744263,0.9961852606820374,0.9962554379727888,0.9972062072734363,0.9972990949993873,0.9963072983004153,0.0009753675692543767,2
108.12577257156372,2.5921957963033067,1.0726701736450195,0.28671992216139386,30,sqrt,10,11,670,"{'model__max_depth': 30, 'model__max_features': 'sqrt', 'model__min_samples_leaf': 10, 'model__min_samples_split': 11, 'model__n_estimators': 670}",0.9944744382495387,0.9957842475920289,0.9960021450108345,0.9970545997735912,0.997273315586458,0.9961177492424902,0.0010038008967646658,3
33.8733410358429,1.4896761240660363,0.6080888271331787,0.13608039244735123,,log2,3,25,310,"{'model__max_depth': None, 'model__max_features': 'log2', 'model__min_samples_leaf': 3, 'model__min_samples_split': 25, 'model__n_estimators': 310}",0.9944697389476506,0.9958319190460961,0.9959964162524058,0.9968248356408976,0.9972330096789419,0.9960711839131984,0.000953445739831891,4
88.2206862449646,1.063671319281235,0.7807159900665284,0.13982368338888854,,sqrt,5,44,537,"{'model__max_depth': None, 'model__max_features': 'sqrt', 'model__min_samples_leaf': 5, 'model__min_samples_split': 44, 'model__n_estimators': 537}",0.9944188638967756,0.9957128427101857,0.9960320163940699,0.9970159306541976,0.9971147517370924,0.9960588810784643,0.000983964161744293,5
26.879894304275513,1.3054978832590494,0.29140486717224123,0.05657198072094371,25,sqrt,12,12,170,"{'model__max_depth': 25, 'model__max_features': 'sqrt', 'model__min_samples_leaf': 12, 'model__min_samples_split': 12, 'model__n_estimators': 170}",0.9944207027540362,0.9954446140566137,0.9960021450108344,0.9970889723241634,0.9970380272938512,0.9959988922878997,0.0010065776858976024,6
344.9678716659546,5.5037178649298735,0.7817220687866211,0.32764187766752195,15,0.3,8,15,608,"{'model__max_depth': 15, 'model__max_features': 0.3, 'model__min_samples_leaf': 8, 'model__min_samples_split': 15, 'model__n_estimators': 608}",0.994114022226472,0.9952164867120424,0.9966388555904805,0.9969441165753236,0.996811945934433,0.9959450854077503,0.0011058459156834568,7
27.368319988250732,0.5873433019025419,0.5446666717529297,0.08040852153305025,25,log2,2,27,248,"{'model__max_depth': 25, 'model__max_features': 'log2', 'model__min_samples_leaf': 2, 'model__min_samples_split': 27, 'model__n_estimators': 248}",0.9941385403232794,0.9955882422143616,0.9958963675784192,0.9966488809177307,0.9971865658159665,0.9958917193699515,0.0010407379773689593,8
232.8520917892456,19.601935349240588,0.5077786445617676,0.11551778135156089,15,0.3,8,31,542,"{'model__max_depth': 15, 'model__max_features': 0.3, 'model__min_samples_leaf': 8, 'model__min_samples_split': 31, 'model__n_estimators': 542}",0.9941732742937563,0.995093523004341,0.9963845396359498,0.9968927623479807,0.9967539422553426,0.9958596083074742,0.0010557843036187431,9
234.26022067070008,4.249722884949468,0.6336429595947266,0.22193300502395077,,0.3,4,48,393,"{'model__max_depth': None, 'model__max_features': 0.3, 'model__min_samples_leaf': 4, 'model__min_samples_split': 48, 'model__n_estimators': 393}",0.9941438525775875,0.9953738229703163,0.9962378425004721,0.9968047849863972,0.9967268329520641,0.9958574271973675,0.0009968229507336715,10
191.49243865013122,7.361969320659225,0.5885197162628174,0.08323440852332463,20,0.3,11,32,339,"{'model__max_depth': 20, 'model__max_features': 0.3, 'model__min_samples_leaf': 11, 'model__min_samples_split': 32, 'model__n_estimators': 339}",0.9941704138491287,0.9950888172384889,0.9963335946056374,0.9968172654958312,0.9967773687853457,0.9958374919948865,0.0010420274209176432,11
105.62335109710693,3.1279452652858435,0.4428741931915283,0.05801700697478085,25,0.3,13,12,184,"{'model__max_depth': 25, 'model__max_features': 0.3, 'model__min_samples_leaf': 13, 'model__min_samples_split': 12, 'model__n_estimators': 184}",0.9943457182413007,0.9948872877009081,0.9962415252737478,0.9966566556613127,0.9970398686804889,0.9958342111115517,0.0010400197121310341,12
52.577589416503905,2.049579172985577,0.7887732028961182,0.15069529258845174,30,log2,5,32,516,"{'model__max_depth': 30, 'model__max_features': 'log2', 'model__min_samples_leaf': 5, 'model__min_samples_split': 32, 'model__n_estimators': 516}",0.9939360617071461,0.9955913111920911,0.9956960656319301,0.9969085164336596,0.9970280019666009,0.9958319913862855,0.0011189548338218502,13
52.97708158493042,0.32328898866953554,0.7513059139251709,0.10289852896678994,15,sqrt,13,11,350,"{'model__max_depth': 15, 'model__max_features': 'sqrt', 'model__min_samples_leaf': 13, 'model__min_samples_split': 11, 'model__n_estimators': 350}",0.9939591495816396,0.9952287626229612,0.9958321236446116,0.9968792588459703,0.9970312755428459,0.9957861140476056,0.0011310127632253421,14
27.869221115112303,1.3910739957581613,0.37896437644958497,0.16234022235725898,25,sqrt,10,33,164,"{'model__max_depth': 25, 'model__max_features': 'sqrt', 'model__min_samples_leaf': 10, 'model__min_samples_split': 33, 'model__n_estimators': 164}",0.9937930394757705,0.9953588872786986,0.9955581662326108,0.9969547556981198,0.9969948570071205,0.995731941138464,0.0011848154705604147,15
46.14575319290161,1.800146924814581,0.7538941860198974,0.2603620939369944,,log2,11,13,495,"{'model__max_depth': None, 'model__max_features': 'log2', 'model__min_samples_leaf': 11, 'model__min_samples_split': 13, 'model__n_estimators': 495}",0.9939904101550687,0.9953885540634186,0.9956477803823168,0.9965922071289898,0.9970114294868608,0.9957260762433309,0.0010521315417259495,16
62.85698442459106,0.9206420969718803,0.8717086791992188,0.289048612763854,25,log2,7,48,624,"{'model__max_depth': 25, 'model__max_features': 'log2', 'model__min_samples_leaf': 7, 'model__min_samples_split': 48, 'model__n_estimators': 624}",0.9938494310984269,0.9952424707234869,0.9954214944243835,0.9966239198988629,0.9969574154788188,0.9956189463247958,0.0011057465196465876,17
36.25930151939392,2.059339180272814,0.6842051982879639,0.1769991241506346,15,log2,13,17,390,"{'model__max_depth': 15, 'model__max_features': 'log2', 'model__min_samples_leaf': 13, 'model__min_samples_split': 17, 'model__n_estimators': 390}",0.99383696773255,0.9951387392762246,0.9957167300819765,0.9964412134246907,0.9968966497197717,0.9956060600470427,0.0010698997190595721,18
54.37091965675354,2.6348954316580193,0.9113613128662109,0.19700606501190082,15,log2,7,46,626,"{'model__max_depth': 15, 'model__max_features': 'log2', 'model__min_samples_leaf': 7, 'model__min_samples_split': 46, 'model__n_estimators': 626}",0.9937239801697633,0.9952162821135271,0.9955767846975041,0.9963974293424143,0.9968287230126887,0.9955486398671795,0.0010770044802086856,19
430.0672052383423,6.1963769687645724,0.21651043891906738,0.17771702735022632,25,0.5,7,31,696,"{'model__max_depth': 25, 'model__max_features': 0.5, 'model__min_samples_leaf': 7, 'model__min_samples_split': 31, 'model__n_estimators': 696}",0.993702526835057,0.9946468844454184,0.9961007614952141,0.9964794733470538,0.9965351241432181,0.9954929540531923,0.0011269633627514996,20
373.53434290885923,6.078427021785154,0.6499903202056885,0.1572051099884592,,0.5,9,18,401,"{'model__max_depth': None, 'model__max_features': 0.5, 'model__min_samples_leaf': 9, 'model__min_samples_split': 18, 'model__n_estimators': 401}",0.9939869367580212,0.9945846864967639,0.9959149860433122,0.9965334873550955,0.9964199351790983,0.9954880063664582,0.0010210808205264627,21
266.24294648170473,4.8437991973670105,0.4378098964691162,0.11625894029090858,30,0.5,9,28,280,"{'model__max_depth': 30, 'model__max_features': 0.5, 'model__min_samples_leaf': 9, 'model__min_samples_split': 28, 'model__n_estimators': 280}",0.9935266094904649,0.9945748657680291,0.9961969227974101,0.9965443310764072,0.9965570161843563,0.9954799490633336,0.0012199791184010049,22
31.988361597061157,1.286609079490212,0.5372937202453614,0.09491706543325705,15,log2,13,38,351,"{'model__max_depth': 15, 'model__max_features': 'log2', 'model__min_samples_leaf': 13, 'model__min_samples_split': 38, 'model__n_estimators': 351}",0.9934642926610797,0.9949363913445826,0.9954802141982777,0.9964238225508892,0.9967589549189677,0.9954127351347595,0.001171536629742521,23
315.9445676803589,5.195387367398942,0.5512685775756836,0.07880109506785697,30,0.5,11,29,337,"{'model__max_depth': 30, 'model__max_features': 0.5, 'model__min_samples_leaf': 11, 'model__min_samples_split': 29, 'model__n_estimators': 337}",0.9935449980630704,0.994444945710807,0.9960944189412395,0.9963567142378675,0.9964564560140813,0.995379506593413,0.0011717235246703932,24
223.58096146583557,2.46311119446402,0.617268419265747,0.07591297858241705,10,0.3,3,8,465,"{'model__max_depth': 10, 'model__max_features': 0.3, 'model__min_samples_leaf': 3, 'model__min_samples_split': 8, 'model__n_estimators': 465}",0.9929142700227037,0.9938084397296763,0.9960297658104015,0.9960888947813261,0.996185056083522,0.995005285285526,0.0013726188935720336,25
84.59854826927184,3.514821214670677,0.37489013671875,0.03669305340917262,10,0.3,6,11,170,"{'model__max_depth': 10, 'model__max_features': 0.3, 'model__min_samples_leaf': 6, 'model__min_samples_split': 11, 'model__n_estimators': 170}",0.9925477244754354,0.9938180558598958,0.9958728387491583,0.9959045515190315,0.9963167152281243,0.9948919771663289,0.0014605548576019014,26
78.58114695549011,1.6625014477015154,0.24005632400512694,0.06515812931852644,10,0.3,6,18,154,"{'model__max_depth': 10, 'model__max_features': 0.3, 'model__min_samples_leaf': 6, 'model__min_samples_split': 18, 'model__n_estimators': 154}",0.9926419148306699,0.9938256260049624,0.9956719230071235,0.9960238324534574,0.9961676652097206,0.9948661923011868,0.0013937971808676427,27
182.74394330978393,3.4565398258454936,0.6896528244018555,0.07232575935604962,10,0.3,6,46,380,"{'model__max_depth': 10, 'model__max_features': 0.3, 'model__min_samples_leaf': 6, 'model__min_samples_split': 46, 'model__n_estimators': 380}",0.9926952416912256,0.9936159125267692,0.9958157557633868,0.9958560616709029,0.9961152879898012,0.994819651928417,0.001393351944835439,28
37.50020842552185,2.843869461281202,0.5942403316497803,0.14534087989601352,10,log2,9,25,487,"{'model__max_depth': 10, 'model__max_features': 'log2', 'model__min_samples_leaf': 9, 'model__min_samples_split': 25, 'model__n_estimators': 487}",0.992572446889716,0.9938080305326458,0.9949118395227453,0.9955399569647483,0.9959532459656754,0.994557103975106,0.0012280899425226627,29
173.19976682662963,1.1561014767787505,0.399420166015625,0.0846327311322433,10,0.5,9,28,212,"{'model__max_depth': 10, 'model__max_features': 0.5, 'model__min_samples_leaf': 9, 'model__min_samples_split': 28, 'model__n_estimators': 212}",0.9914936506301969,0.9927259089851689,0.9954378623056083,0.9954568899675322,0.9956688540293939,0.9941566331835802,0.0017179915870226524,30
